{
    "2021-07-27 14:42:03": {
        "custom_crop-get_all_crops_in_phase": 5876.744782299999,
        "custom_crop-get_crop_list": 142.4912055,
        "custom_zone-get_all_zones_for_a_phase": 8388.65977355,
        "custom_zone-get_farm_phase_sev_count": 4330.5026024,
        "custom_zone-get_zone_by_zone_id": 1305.16117095,
        "custom_zone-get_zone_graph_data": 492.20859344999997
    }
}