{
    "2021-07-26 13:56:07": {
        "custom_crop-get_all_crops_in_phase": 5631.111189099999,
        "custom_crop-get_crop_list": 110.675692,
        "custom_zone-get_all_zones_for_a_phase": 4550.900712600006,
        "custom_zone-get_farm_phase_sev_count": 3760.9849188000007,
        "custom_zone-get_zone_by_zone_id": 1214.913612,
        "custom_zone-get_zone_graph_data": 518.3946803999999
    }
}